{
  "timestamp": "2026-03-23T16:58:44.633201-04:00",
  "stake": 0.5,
  "days_back": 90,
  "min_edge": 0.02,
  "n_historical_games": 575,
  "games_analyzed": [
    {
      "game": "OTT @ NYR",
      "home": "NYR",
      "away": "OTT",
      "model_probs": {
        "home_win_prob": 0.3391482940284117,
        "away_win_prob": 0.6608516988190309,
        "expected_total": 5.6038267790639305,
        "over_prob": 0.48603611660418977,
        "under_prob": 0.5139638833958102,
        "home_cover_prob": 0.448260800763526,
        "away_cover_prob": 0.551739199236474,
        "total_line": 6.0,
        "spread_line": 1.5,
        "n_games": 50,
        "avg_similarity": 0.7150043306779829,
        "confidence": 0.42679527840489717,
        "raw_confidence": 0.27199273600753415,
        "raw_home_win_prob": 0.4214641356556697,
        "raw_over_prob": 0.4788039693640969,
        "goal_distribution": {
          "1": 0.02,
          "3": 0.12,
          "4": 0.06,
          "5": 0.28,
          "6": 0.12,
          "7": 0.18,
          "8": 0.06,
          "9": 0.08,
          "11": 0.06,
          "12": 0.02
        }
      },
      "market_probs": {
        "home_win_prob": 0.3685707029784529,
        "away_win_prob": 0.6314292970215472,
        "over_prob": 0.5061356676584344,
        "under_prob": 0.49386433234156557,
        "spread_home_cover_prob": 0.5825291160980675,
        "total_line": 6.0,
        "spread_line": 1.5,
        "n_books_ml": 15,
        "n_books_total": 15,
        "n_books_spread": 15
      },
      "blended_probs": {
        "home_win_prob": 0.35417173211367425,
        "away_win_prob": 0.6458282678863257,
        "over_prob": 0.4962991906209281,
        "under_prob": 0.5037008093790719,
        "home_cover_prob": 0.35417173211367425,
        "away_cover_prob": 0.47003831476995517,
        "expected_total": 5.6038267790639305,
        "model_confidence": 0.42679527840489717,
        "effective_model_weight": 0.489387897817201
      },
      "n_similar": 50,
      "n_bets": 0,
      "context_indicators": {
        "fatigue": [],
        "goalie": [],
        "injuries": [
          {
            "team": "NYR",
            "impact": 5.9,
            "severity": "negative"
          },
          {
            "team": "OTT",
            "impact": 5.6,
            "severity": "negative"
          }
        ],
        "splits": [],
        "advanced": []
      },
      "goalie_matchup": {
        "home": null,
        "away": null
      },
      "team_splits": {
        "home": {
          "games": 10,
          "wins": 4,
          "losses": 5,
          "ot_losses": 1,
          "win_pct": 0.4,
          "goals_for": 30,
          "goals_against": 31,
          "gf_pg": 3.0,
          "ga_pg": 3.1,
          "goal_diff": -0.1
        },
        "away": {
          "games": 10,
          "wins": 7,
          "losses": 1,
          "ot_losses": 2,
          "win_pct": 0.7,
          "goals_for": 37,
          "goals_against": 25,
          "gf_pg": 3.7,
          "ga_pg": 2.5,
          "goal_diff": 1.2
        }
      },
      "injuries": {
        "home": {
          "impact_score": 5.9,
          "key_injuries": [],
          "total_injuries": 11,
          "positions_affected": {
            "F": 4,
            "D": 5,
            "G": 2
          },
          "injury_details": [
            {
              "player": "Jonathan Quick",
              "position": "G",
              "importance": 1.5,
              "severity": 0.3,
              "pos_mult": 1.5,
              "impact": 0.67,
              "status": "Mar 25",
              "found_in_roster": false
            },
            {
              "player": "Jonathan Quick",
              "position": "G",
              "importance": 1.5,
              "severity": 0.3,
              "pos_mult": 1.5,
              "impact": 0.67,
              "status": "Mar 25",
              "found_in_roster": false
            },
            {
              "player": "Urho Vaakanainen",
              "position": "D",
              "importance": 1.5,
              "severity": 0.3,
              "pos_mult": 1.2,
              "impact": 0.54,
              "status": "Apr 11",
              "found_in_roster": false
            },
            {
              "player": "Urho Vaakanainen",
              "position": "D",
              "importance": 1.5,
              "severity": 0.3,
              "pos_mult": 1.2,
              "impact": 0.54,
              "status": "Apr 11",
              "found_in_roster": false
            },
            {
              "player": "Nick Jensen",
              "position": "D",
              "importance": 1.5,
              "severity": 0.3,
              "pos_mult": 1.2,
              "impact": 0.54,
              "status": "Apr 28",
              "found_in_roster": false
            },
            {
              "player": "Dennis Gilbert",
              "position": "D",
              "importance": 1.5,
              "severity": 0.3,
              "pos_mult": 1.2,
              "impact": 0.54,
              "status": "Mar 28",
              "found_in_roster": false
            },
            {
              "player": "Jake Sanderson",
              "position": "D",
              "importance": 1.5,
              "severity": 0.3,
              "pos_mult": 1.2,
              "impact": 0.54,
              "status": "Mar 31",
              "found_in_roster": false
            },
            {
              "player": "Matt Rempe",
              "position": "F",
              "importance": 1.5,
              "severity": 0.3,
              "pos_mult": 1.0,
              "impact": 0.45,
              "status": "Sep 15",
              "found_in_roster": false
            },
            {
              "player": "Noah Laba",
              "position": "F",
              "importance": 1.5,
              "severity": 0.3,
              "pos_mult": 1.0,
              "impact": 0.45,
              "status": "Apr 11",
              "found_in_roster": false
            },
            {
              "player": "Matt Rempe",
              "position": "F",
              "importance": 1.5,
              "severity": 0.3,
              "pos_mult": 1.0,
              "impact": 0.45,
              "status": "Sep 15",
              "found_in_roster": false
            },
            {
              "player": "Noah Laba",
              "position": "F",
              "importance": 1.5,
              "severity": 0.3,
              "pos_mult": 1.0,
              "impact": 0.45,
              "status": "Apr 11",
              "found_in_roster": false
            }
          ]
        },
        "away": {
          "impact_score": 5.6,
          "key_injuries": [],
          "total_injuries": 11,
          "positions_affected": {
            "F": 4,
            "D": 7,
            "G": 0
          },
          "injury_details": [
            {
              "player": "Nick Jensen",
              "position": "D",
              "importance": 1.5,
              "severity": 0.3,
              "pos_mult": 1.2,
              "impact": 0.54,
              "status": "Apr 28",
              "found_in_roster": false
            },
            {
              "player": "Dennis Gilbert",
              "position": "D",
              "importance": 1.5,
              "severity": 0.3,
              "pos_mult": 1.2,
              "impact": 0.54,
              "status": "Mar 28",
              "found_in_roster": false
            },
            {
              "player": "Jake Sanderson",
              "position": "D",
              "importance": 1.5,
              "severity": 0.3,
              "pos_mult": 1.2,
              "impact": 0.54,
              "status": "Mar 31",
              "found_in_roster": false
            },
            {
              "player": "Nick Jensen",
              "position": "D",
              "importance": 1.5,
              "severity": 0.3,
              "pos_mult": 1.2,