{
  "timestamp": "2026-05-01T07:10:20.221861+00:00",
  "stake": 0.5,
  "days_back": 90,
  "min_edge": 0.03,
  "n_historical_games": 1082,
  "games_analyzed": [
    {
      "game": "ARI @ CHC",
      "home": "CHC",
      "away": "ARI",
      "model_probs": {
        "home_win_prob": 0.536097463681392,
        "away_win_prob": 0.463902536318608,
        "expected_total": 9.358125865809379,
        "over_prob": 0.3861014533605359,
        "under_prob": 0.6138985466394641,
        "home_cover_prob": 0.5,
        "away_cover_prob": 0.5,
        "total_line": 9.5,
        "spread_line": null,
        "n_games": 50,
        "avg_similarity": 0.6613681296880679,
        "confidence": 0.39469505542234784,
        "raw_confidence": 0.22260777757284286,
        "raw_home_win_prob": 0.5564867425348806,
        "raw_over_prob": 0.32176703781997135,
        "run_distribution": {
          "0": 0.02,
          "2": 0.02,
          "3": 0.02,
          "4": 0.02,
          "5": 0.08,
          "6": 0.04,
          "7": 0.26,
          "8": 0.08,
          "9": 0.16,
          "11": 0.06,
          "13": 0.04,
          "14": 0.04,
          "15": 0.02,
          "16": 0.04,
          "18": 0.04,
          "19": 0.02,
          "20": 0.02,
          "24": 0.02
        }
      }
    },
    {
      "game": "TEX @ DET",
      "home": "DET",
      "away": "TEX",
      "model_probs": {
        "home_win_prob": 0.5711586295512688,
        "away_win_prob": 0.42884137044873116,
        "expected_total": 10.082416531466556,
        "over_prob": 0.38683129391498916,
        "under_prob": 0.6131687060850108,
        "home_cover_prob": 0.5,
        "away_cover_prob": 0.5,
        "total_line": 10.0,
        "spread_line": null,
        "n_games": 50,
        "avg_similarity": 0.761973610697853,
        "confidence": 0.5265600314351775,
        "raw_confidence": 0.4254769714387345,
        "raw_home_win_prob": 0.5988052481093482,
        "raw_over_prob": 0.34286288039193946,
        "run_distribution": {
          "0": 0.02,
          "1": 0.04,
          "3": 0.06,
          "5": 0.08,
          "6": 0.04,
          "7": 0.06,
          "8": 0.06,
          "9": 0.04,
          "10": 0.16,
          "11": 0.04,
          "12": 0.06,
          "13": 0.1,
          "14": 0.02,
          "15": 0.08,
          "16": 0.02,
          "17": 0.04,
          "18": 0.08
        }
      }
    },
    {
      "game": "CIN @ PIT",
      "home": "PIT",
      "away": "CIN",
      "model_probs": {
        "home_win_prob": 0.5556986179230222,
        "away_win_prob": 0.4443013820769778,
        "expected_total": 8.02864046224222,
        "over_prob": 0.3845151871406963,
        "under_prob": 0.6154848128593037,
        "home_cover_prob": 0.5,
        "away_cover_prob": 0.5,
        "total_line": 8.0,
        "spread_line": null,
        "n_games": 50,
        "avg_similarity": 0.7493570736507813,
        "confidence": 0.506624599614057,
        "raw_confidence": 0.3948070763293186,
        "raw_home_win_prob": 0.5786789400211694,
        "raw_over_prob": 0.33686807674706304,
        "run_distribution": {
          "1": 0.04,
          "2": 0.02,
          "3": 0.02,
          "4": 0.04,
          "5": 0.14,
          "6": 0.16,
          "7": 0.1,
          "8": 0.12,
          "9": 0.18,
          "13": 0.02,
          "14": 0.02,
          "15": 0.06,
          "16": 0.06,
          "21": 0.02
        }
      }
    },
    {
      "game": "MIL @ WSH",
      "home": "WSH",
      "away": "MIL",
      "model_probs": {
        "home_win_prob": 0.4765659668733497,
        "away_win_prob": 0.5234340331266503,
        "expected_total": 9.655959903974487,
        "over_prob": 0.4072118089238185,
        "under_prob": 0.5927881910761815,
        "home_cover_prob": 0.4765659668733497,
        "away_cover_prob": 0.5234340331266503,
        "total_line": 9.5,
        "spread_line": null,
        "n_games": 50,
        "avg_similarity": 0.6917248333781258,
        "confidence": 0.3538118744447715,
        "raw_confidence": 0.15971057606887928,
        "raw_home_win_prob": 0.46182662468731406,
        "raw_over_prob": 0.34885066845330537,
        "run_distribution": {
          "1": 0.02,
          "3": 0.04,
          "5": 0.12,
          "6": 0.12,
          "7": 0.08,
          "8": 0.04,
          "9": 0.2,
          "10": 0.06,
          "11": 0.06,
          "12": 0.04,
          "13": 0.02,
          "15": 0.02,
          "16": 0.02,
          "17": 0.02,
          "18": 0.1,
          "20": 0.04
        }
      }
    },
    {
      "game": "BAL @ NYY",
      "home": "NYY",
      "away": "BAL",
      "model_probs": {
        "home_win_prob": 0.4995482733743882,
        "away_win_prob": 0.5004517266256119,
        "expected_total": 10.342335551889667,
        "over_prob": 0.388337477788867,
        "under_prob": 0.6116625222111329,
        "home_cover_prob": 0.4995482733743882,
        "away_cover_prob": 0.5004517266256119,
        "total_line": 10.5,
        "spread_line": null,
        "n_games": 50,
        "avg_similarity": 0.661564649849069,
        "confidence": 0.37447077080439983,
        "raw_confidence": 0.19149349354523051,
        "raw_home_win_prob": 0.49927907995233756,
        "raw_over_prob": 0.32179542610416073,
        "run_distribution": {
          "1": 0.02,
          "2": 0.02,
          "4": 0.02,
          "5": 0.04,
          "6": 0.06,
          "7": 0.12,
          "8": 0.12,
          "9": 0.12,
          "10": 0.06,
          "11": 0.12,
          "13": 0.04,
          "14": 0.08,
          "15": 0.02,
          "16": 0.04,
          "17": 0.02,
          "18": 0.04,
          "19": 0.02,
          "21": 0.02,
          "24": 0.02
        }
      }
    },
    {
      "game": "HOU @ BOS",
      "home": "BOS",
      "away": "HOU",
      "model_probs": {
        "home_win_prob": 0.4684924894902563,
        "away_win_prob": 0.5315075105097438,
        "expected_total": 9.288891288340938,
        "over_prob": 0.37092156222619616,
        "under_prob": 0.6290784377738039,
        "home_cover_prob": 0.4684924894902563,
        "away_cover_prob": 0.5315075105097438,
        "total_line": 9.5,
        "spread_line": null,
        "n_games": 50,
        "avg_similarity": 0.75565542160616,
        "confidence": 0.49261400067285666,
        "raw_confidence": 0.3732523087274718,
        "raw_home_win_prob": 0.4549442744155768,
        "raw_over_prob": 0.31541789315902835,
        "run_distribution": {
          "0": 0.02,
          "2": 0.04,
          "3": 0.04,
          "4": 0.02,
          "5": 0.06,
          "6": 0.08,
          "7": 0.12,
          "8": 0.08,
          "9": 0.14,
          "10": 0.1,
          "11": 0.02,
          "12": 0.02,
          "13": 0.02,
          "14": 0.02,
          "15": 0.14,
          "16": 0.04,
          "17": 0.02,
          "18": 0.02
        }
      }
    },
    {
      "game": "SF @ TB",
      "home": "TB",
      "away": "SF",
      "model_probs": {
        "home_win_prob": 0.4877788580952551,
        "away_win_prob": 0.5122211419047449,
        "expected_total": 9.392896549306723,
        "over_prob": 0.3851723903144805,
        "under_prob": 0.6148276096855195,
        "home_cover_prob": 0.4877788580952551,
        "away_cover_prob": 0.5122211419047449,
        "total_line": 9.5,
        "spread_line": null,
        "n_games": 50,
        "avg_similarity": 0.730115279429373,
        "confidence": 0.42219897909613513,
        "raw_confidence": 0.2649215063017463,
        "raw_home_win_prob": 0.4813693188091891,
        "raw_over_prob": 0.32494953379739505,
        "run_distribution": {
          "2": 0.04,
          "3": 0.14,
          "5": 0.08,
          "6": 0.04,
          "7": 0.08,
          "8": 0.06,
          "9": 0.12,
          "10": 0.04,
          "11": 0.04,
          "12": 0.04,
          "13": 0.1,
          "14": 0.06,
          "15": 0.08,
          "16": 0.02,
          "17": 0.02,