{
  "timestamp": "2026-06-04T18:05:20.556912+00:00",
  "stake": 0.5,
  "days_back": 90,
  "min_edge": 0.03,
  "n_historical_games": 1385,
  "games_analyzed": [
    {
      "game": "TOR @ ATL",
      "home": "ATL",
      "away": "TOR",
      "model_probs": {
        "home_win_prob": 0.6603589154006646,
        "away_win_prob": 0.3396410845993354,
        "expected_total": 7.88341037313003,
        "over_prob": 0.46127630444428785,
        "under_prob": 0.5387236955557122,
        "home_cover_prob": 0.42305201293379235,
        "away_cover_prob": 0.5769479870662076,
        "total_line": 7.5,
        "spread_line": -1.5,
        "n_games": 50,
        "avg_similarity": 0.7069498130170382,
        "confidence": 0.549490479182651,
        "raw_confidence": 0.46075458335792463,
        "raw_home_win_prob": 0.5003281942372325,
        "raw_over_prob": 0.44726460728089323,
        "run_distribution": {
          "0": 0.06,
          "2": 0.14,
          "3": 0.06,
          "5": 0.08,
          "6": 0.1,
          "7": 0.06,
          "8": 0.06,
          "9": 0.12,
          "10": 0.1,
          "11": 0.08,
          "12": 0.02,
          "13": 0.04,
          "14": 0.02,
          "20": 0.04,
          "22": 0.02
        }
      },
      "market_probs": {
        "home_win_prob": 0.6927734679976124,
        "away_win_prob": 0.3072265320023876,
        "over_prob": 0.5029639948865228,
        "under_prob": 0.49703600511347723,
        "spread_home_cover_prob": 0.515621839585535,
        "total_line": 7.5,
        "spread_line": -1.5,
        "n_books_ml": 15,
        "n_books_total": 16
      },
      "blended_probs": {
        "home_win_prob": 0.6815403134814193,
        "away_win_prob": 0.3184596865185807,
        "over_prob": 0.48766745793451305,
        "under_prob": 0.512332542065487,
        "home_cover_prob": 0.4854291214314449,
        "away_cover_prob": 0.3184596865185807,
        "expected_total": 7.57815857601757,
        "model_confidence": 0.549490479182651,
        "effective_model_weight": 0.4077019376367397
      },
      "n_similar": 50,
      "n_bets": 0,
      "context_indicators": {
        "fatigue": [
          {
            "team": "ATL",
            "type": "B2B",
            "severity": "medium"
          },
          {
            "team": "TOR",
            "type": "B2B",
            "severity": "medium"
          }
        ],
        "pitcher": [
          {
            "team": "ATL",
            "type": "ace",
            "value": 91.1,
            "severity": "positive"
          }
        ],
        "splits": [],
        "park": []
      },
      "pitcher_matchup": {
        "home": {
          "name": "Chris Sale",
          "era": 2.01,
          "whip": 0.94,
          "k_per_9": 10.75,
          "fip": 2.64,
          "quality_score": 91.1,
          "handedness": "L"
        },
        "away": {
          "name": "TBD",
          "era": 4.5,
          "whip": 1.3,
          "k_per_9": 8.0,
          "fip": 4.3,
          "quality_score": 50,
          "handedness": "R"
        }
      },
      "team_splits": {
        "home": {
          "win_pct": 0.7,
          "rs_pg": 3.8,
          "ra_pg": 2.6,
          "run_diff": 1.2,
          "games": 10
        },
        "away": {
          "win_pct": 0.5,
          "rs_pg": 3.8,
          "ra_pg": 4.3,
          "run_diff": -0.5,
          "games": 10
        }
      },
      "bullpen": {
        "home": {
          "bullpen_era": 3.32,
          "bullpen_whip": 1.19,
          "bullpen_k9": 8.5,
          "bullpen_quality": 72.8,
          "team_era": 3.16
        },
        "away": {
          "bullpen_era": 4.16,
          "bullpen_whip": 1.32,
          "bullpen_k9": 8.6,
          "bullpen_quality": 64.5,
          "team_era": 3.96
        }
      },
      "park_factor": 102
    },
    {
      "game": "KC @ MIN",
      "home": "MIN",
      "away": "KC",
      "model_probs": {
        "home_win_prob": 0.6782513128576688,
        "away_win_prob": 0.3217486871423312,
        "expected_total": 8.303632913235774,
        "over_prob": 0.397209688327491,
        "under_prob": 0.6027903116725091,
        "home_cover_prob": 0.544253991744376,
        "away_cover_prob": 0.45574600825562395,
        "total_line": 9.5,
        "spread_line": 1.5,
        "n_games": 50,
        "avg_similarity": 0.7354011960954372,
        "confidence": 0.5274585773968368,
        "raw_confidence": 0.4268593498412873,
        "raw_home_win_prob": 0.5614004524663289,
        "raw_over_prob": 0.3573829976219245,
        "run_distribution": {
          "0": 0.08,
          "2": 0.02,
          "3": 0.08,
          "4": 0.04,
          "5": 0.12,
          "7": 0.06,
          "8": 0.04,
          "9": 0.1,
          "10": 0.12,
          "11": 0.08,
          "12": 0.04,
          "13": 0.06,
          "14": 0.06,
          "17": 0.02,
          "19": 0.04,
          "20": 0.02,
          "25": 0.02
        }
      },
      "market_probs": {
        "home_win_prob": 0.4859083069988636,
        "away_win_prob": 0.5140916930011364,
        "over_prob": 0.4930137307836862,
        "under_prob": 0.5069862692163138,
        "spread_home_cover_prob": 0.5919799017049129,
        "total_line": 9.0,
        "spread_line": 1.5,
        "n_books_ml": 15,
        "n_books_total": 16
      },
      "blended_probs": {
        "home_win_prob": 0.5512141730946061,
        "away_win_prob": 0.4487858269053939,
        "over_prob": 0.4585721391555622,
        "under_prob": 0.5414278608444378,
        "home_cover_prob": 0.5512141730946061,
        "away_cover_prob": 0.4232711949553978,
        "expected_total": 8.860919863025114,
        "model_confidence": 0.5274585773968368,
        "effective_model_weight": 0.399444889393447
      },
      "n_similar": 50,
      "n_bets": 0,
      "context_indicators": {
        "fatigue": [
          {
            "team": "MIN",
            "type": "B2B",
            "severity": "medium"
          },
          {
            "team": "KC",
            "type": "B2B",
            "severity": "medium"
          }
        ],
        "pitcher": [],
        "splits": [],
        "park": []
      },
      "pitcher_matchup": {
        "home": {
          "name": "Andrew Morris",
          "era": 4.07,
          "whip": 1.52,
          "k_per_9": 8.14,
          "fip": 2.94,
          "quality_score": 54.1,
          "handedness": "R"
        },
        "away": {
          "name": "Seth Lugo",
          "era": 3.55,
          "whip": 1.35,
          "k_per_9": 7.61,
          "fip": 3.11,
          "quality_score": 62.9,
          "handedness": "R"
        }
      },
      "team_splits": {
        "home": {
          "win_pct": 0.5,
          "rs_pg": 3.6,
          "ra_pg": 3.6,
          "run_diff": 0.0,
          "games": 10
        },
        "away": {
          "win_pct": 0.3,
          "rs_pg": 3.6,
          "ra_pg": 4.8,
          "run_diff": -1.2,
          "games": 10
        }
      },
      "bullpen": {
        "home": {
          "bullpen_era": 4.82,
          "bullpen_whip": 1.41,
          "bullpen_k9": 7.8,
          "bullpen_quality": 55.8,
          "team_era": 4.59
        },
        "away": {
          "bullpen_era": 4.65,
          "bullpen_whip": 1.43,
          "bullpen_k9": 8.0,
          "bullpen_quality": 57.2,
          "team_era": 4.43
        }
      },
      "park_factor": 101
    },
    {
      "game": "PIT @ HOU",
      "home": "HOU",
      "away": "PIT",
      "model_probs": {
        "home_win_prob": 0.5061577330586643,
        "away_win_prob": 0.4938422669413358,
        "expected_total": 11.527158768292031,
        "over_prob": 0.4908498330939823,
        "under_prob": 0.5091501669060177,
        "home_cover_prob": 0.4366400280790015,
        "away_cover_prob": 0.5633599719209985,
        "total_line": 8.5,
        "spread_line": -1.5,
        "n_games": 50,
        "avg_similarity": 0.7098027069714945,
        "confidence": 0.5618878312849835,