{
  "timestamp": "2026-05-28T18:28:05.504787+00:00",
  "stake": 0.5,
  "days_back": 90,
  "min_edge": 0.03,
  "n_historical_games": 1379,
  "games_analyzed": [
    {
      "game": "ATL @ BOS",
      "home": "BOS",
      "away": "ATL",
      "model_probs": {
        "home_win_prob": 0.45144256364870683,
        "away_win_prob": 0.5485574497623382,
        "expected_total": 7.732860895916173,
        "over_prob": 0.4775186827931071,
        "under_prob": 0.522481317206893,
        "home_cover_prob": 0.43749043908207014,
        "away_cover_prob": 0.5625095609179298,
        "total_line": 7.0,
        "spread_line": 1.5,
        "n_games": 50,
        "avg_similarity": 0.7211100512959763,
        "confidence": 0.6594517375059252,
        "raw_confidence": 0.6299257500091158,
        "raw_home_win_prob": 0.42205501760146774,
        "raw_over_prob": 0.47196739429528667,
        "run_distribution": {
          "0": 0.08,
          "1": 0.06,
          "3": 0.04,
          "4": 0.14,
          "6": 0.08,
          "7": 0.18,
          "8": 0.02,
          "9": 0.14,
          "10": 0.04,
          "11": 0.06,
          "13": 0.08,
          "17": 0.04,
          "20": 0.04
        }
      },
      "market_probs": {
        "home_win_prob": 0.4504914191784363,
        "away_win_prob": 0.5495085808215637,
        "over_prob": 0.5109731386694578,
        "under_prob": 0.4890268613305422,
        "spread_home_cover_prob": 0.5935613647528923,
        "total_line": 6.5,
        "spread_line": 1.5,
        "n_books_ml": 16,
        "n_books_total": 16
      },
      "blended_probs": {
        "home_win_prob": 0.45085251262870635,
        "away_win_prob": 0.5491474873712936,
        "over_prob": 0.4975253561182091,
        "under_prob": 0.5024746438817909,
        "home_cover_prob": 0.45085251262870635,
        "away_cover_prob": 0.46220421108949716,
        "expected_total": 6.775320329118093,
        "model_confidence": 0.6594517375059252,
        "effective_model_weight": 0.446636485965424
      },
      "n_similar": 50,
      "n_bets": 0,
      "context_indicators": {
        "fatigue": [
          {
            "team": "BOS",
            "type": "B2B",
            "severity": "medium"
          },
          {
            "team": "ATL",
            "type": "B2B",
            "severity": "medium"
          }
        ],
        "pitcher": [
          {
            "team": "BOS",
            "type": "ace",
            "value": 84.5,
            "severity": "positive"
          },
          {
            "team": "ATL",
            "type": "ace",
            "value": 91.6,
            "severity": "positive"
          }
        ],
        "splits": [],
        "park": []
      },
      "pitcher_matchup": {
        "home": {
          "name": "Payton Tolle",
          "era": 2.45,
          "whip": 0.82,
          "k_per_9": 9.57,
          "fip": 2.77,
          "quality_score": 84.5,
          "handedness": "L"
        },
        "away": {
          "name": "Chris Sale",
          "era": 1.89,
          "whip": 0.87,
          "k_per_9": 10.45,
          "fip": 2.71,
          "quality_score": 91.6,
          "handedness": "L"
        }
      },
      "team_splits": {
        "home": {
          "win_pct": 0.2,
          "rs_pg": 3.8,
          "ra_pg": 3.9,
          "run_diff": -0.1,
          "games": 10
        },
        "away": {
          "win_pct": 0.6,
          "rs_pg": 4.9,
          "ra_pg": 4.4,
          "run_diff": 0.5,
          "games": 10
        }
      },
      "bullpen": {
        "home": {
          "bullpen_era": 3.93,
          "bullpen_whip": 1.29,
          "bullpen_k9": 8.1,
          "bullpen_quality": 65.5,
          "team_era": 3.74
        },
        "away": {
          "bullpen_era": 3.33,
          "bullpen_whip": 1.18,
          "bullpen_k9": 8.4,
          "bullpen_quality": 72.7,
          "team_era": 3.17
        }
      },
      "park_factor": 104
    },
    {
      "game": "TOR @ BAL",
      "home": "BAL",
      "away": "TOR",
      "model_probs": {
        "home_win_prob": 0.30526290979524223,
        "away_win_prob": 0.6947370834992352,
        "expected_total": 6.120036845692813,
        "over_prob": 0.4173372907818039,
        "under_prob": 0.5826627092181961,
        "home_cover_prob": 0.35174081400560187,
        "away_cover_prob": 0.6482591859943981,
        "total_line": 8.5,
        "spread_line": -1.5,
        "n_games": 50,
        "avg_similarity": 0.769563124082519,
        "confidence": 0.6146370367513028,
        "raw_confidence": 0.5609800565404657,
        "raw_home_win_prob": 0.3085476326402187,
        "raw_over_prob": 0.39325469942351615,
        "run_distribution": {
          "0": 0.08,
          "1": 0.04,
          "2": 0.04,
          "3": 0.08,
          "4": 0.06,
          "5": 0.04,
          "6": 0.04,
          "7": 0.02,
          "8": 0.04,
          "9": 0.18,
          "10": 0.06,
          "11": 0.1,
          "12": 0.02,
          "13": 0.08,
          "15": 0.04,
          "17": 0.04,
          "20": 0.02,
          "23": 0.02
        }
      },
      "market_probs": {
        "home_win_prob": 0.5376748127117785,
        "away_win_prob": 0.4623251872882214,
        "over_prob": 0.5101790348363986,
        "under_prob": 0.4898209651636014,
        "spread_home_cover_prob": 0.371780521294088,
        "total_line": 8.5,
        "spread_line": -1.5,
        "n_books_ml": 16,
        "n_books_total": 16
      },
      "blended_probs": {
        "home_win_prob": 0.4524925160991314,
        "away_win_prob": 0.5475074839008687,
        "over_prob": 0.47414956660366436,
        "under_prob": 0.5258504333963356,
        "home_cover_prob": 0.36486773050636523,
        "away_cover_prob": 0.5475074839008687,
        "expected_total": 7.986887859333064,
        "model_confidence": 0.6146370367513028,
        "effective_model_weight": 0.431193348298961
      },
      "n_similar": 50,
      "n_bets": 0,
      "context_indicators": {
        "fatigue": [
          {
            "team": "BAL",
            "type": "B2B",
            "severity": "medium"
          },
          {
            "team": "TOR",
            "type": "B2B",
            "severity": "medium"
          }
        ],
        "pitcher": [],
        "splits": [],
        "park": []
      },
      "pitcher_matchup": {
        "home": {
          "name": "Chris Bassitt",
          "era": 5.51,
          "whip": 1.67,
          "k_per_9": 6.46,
          "fip": 3.97,
          "quality_score": 36.6,
          "handedness": "R"
        },
        "away": {
          "name": "Patrick Corbin",
          "era": 3.86,
          "whip": 1.4,
          "k_per_9": 6.5,
          "fip": 3.71,
          "quality_score": 57.1,
          "handedness": "L"
        }
      },
      "team_splits": {
        "home": {
          "win_pct": 0.7,
          "rs_pg": 5.5,
          "ra_pg": 3.1,
          "run_diff": 2.4,
          "games": 10
        },
        "away": {
          "win_pct": 0.4,
          "rs_pg": 2.7,
          "ra_pg": 2.8,
          "run_diff": -0.1,
          "games": 10
        }
      },
      "bullpen": {
        "home": {
          "bullpen_era": 4.91,
          "bullpen_whip": 1.47,
          "bullpen_k9": 7.8,
          "bullpen_quality": 54.0,
          "team_era": 4.68
        },
        "away": {
          "bullpen_era": 3.97,
          "bullpen_whip": 1.3,
          "bullpen_k9": 8.8,
          "bullpen_quality": 67.0,
          "team_era": 3.78
        }
      },
      "park_factor": 101
    },
    {
      "game": "CHC @ PIT",
      "home": "PIT",
      "away": "CHC",
      "model_probs": {
        "home_win_prob": 0.5569032705573034,
        "away_win_prob": 0.44309672944269674,
        "expected_total": 8.260473348494886,
        "over_prob": 0.41704904716536056,
        "under_prob": 0.5829509528346395,
        "home_cover_prob": 0.445908603531163,
        "away_cover_prob": 0.554091396468837,
        "total_line": 7.5,