{
  "timestamp": "2026-04-02T16:42:16.703485+00:00",
  "stake": 0.5,
  "days_back": 90,
  "min_edge": 0.03,
  "n_historical_games": 622,
  "games_analyzed": [
    {
      "game": "MIN @ KC",
      "home": "KC",
      "away": "MIN",
      "model_probs": {
        "home_win_prob": 0.7418509807746485,
        "away_win_prob": 0.2581490192253515,
        "expected_total": 10.24845873992594,
        "over_prob": 0.40396640923263943,
        "under_prob": 0.5960335907673606,
        "home_cover_prob": 0.41911492707910003,
        "away_cover_prob": 0.5808850729209,
        "total_line": 9.5,
        "spread_line": -2.5,
        "n_games": 50,
        "avg_similarity": 0.709101909752102,
        "confidence": 0.5773557357246597,
        "raw_confidence": 0.5036242088071686,
        "raw_home_win_prob": 0.7050468994567649,
        "raw_over_prob": 0.37220223406423436,
        "run_distribution": {
          "1": 0.02,
          "2": 0.02,
          "3": 0.06,
          "4": 0.06,
          "5": 0.1,
          "6": 0.14,
          "7": 0.14,
          "8": 0.06,
          "9": 0.06,
          "10": 0.04,
          "11": 0.06,
          "12": 0.02,
          "13": 0.06,
          "14": 0.04,
          "15": 0.06,
          "17": 0.02,
          "22": 0.02,
          "27": 0.02
        }
      },
      "market_probs": {
        "home_win_prob": 0.5830842738710279,
        "away_win_prob": 0.41691572612897204,
        "over_prob": 0.49610488628523025,
        "under_prob": 0.5038951137147698,
        "spread_home_cover_prob": 0.4179188941908728,
        "total_line": 9.5,
        "spread_line": -1.5,
        "n_books_ml": 14,
        "n_books_total": 14
      },
      "blended_probs": {
        "home_win_prob": 0.6690160829859438,
        "away_win_prob": 0.33098391701405616,
        "over_prob": 0.44623532498590385,
        "under_prob": 0.5537646750140961,
        "home_cover_prob": 0.41843677238763455,
        "away_cover_prob": 0.33098391701405616,
        "expected_total": 9.702550064884667,
        "model_confidence": 0.5773557357246597,
        "effective_model_weight": 0.541245773694109
      },
      "n_similar": 50,
      "n_bets": 1,
      "context_indicators": {
        "fatigue": [
          {
            "team": "KC",
            "type": "B2B",
            "severity": "medium"
          },
          {
            "team": "MIN",
            "type": "B2B",
            "severity": "medium"
          }
        ],
        "pitcher": [
          {
            "team": "KC",
            "type": "weak",
            "value": 18.3,
            "severity": "negative"
          },
          {
            "team": "MIN",
            "type": "ace",
            "value": 77.1,
            "severity": "positive"
          }
        ],
        "splits": [],
        "park": []
      },
      "pitcher_matchup": {
        "home": {
          "name": "Cole Ragans",
          "era": 9.0,
          "whip": 2.5,
          "k_per_9": 11.25,
          "fip": 13.35,
          "quality_score": 18.3,
          "handedness": "L"
        },
        "away": {
          "name": "Taj Bradley",
          "era": 2.08,
          "whip": 1.38,
          "k_per_9": 18.69,
          "fip": 1.02,
          "quality_score": 77.1,
          "handedness": "R"
        }
      },
      "team_splits": {
        "home": {
          "win_pct": 0.4,
          "rs_pg": 5.3,
          "ra_pg": 6.6,
          "run_diff": -1.3,
          "games": 10
        },
        "away": {
          "win_pct": 0.2,
          "rs_pg": 3.6,
          "ra_pg": 4.9,
          "run_diff": -1.3,
          "games": 10
        }
      },
      "bullpen": {
        "home": {
          "bullpen_era": 4.58,
          "bullpen_whip": 1.42,
          "bullpen_k9": 7.9,
          "bullpen_quality": 57.8,
          "team_era": 4.36
        },
        "away": {
          "bullpen_era": 5.3,
          "bullpen_whip": 1.64,
          "bullpen_k9": 9.2,
          "bullpen_quality": 52.1,
          "team_era": 5.05
        }
      },
      "park_factor": 100
    },
    {
      "game": "ATL @ ARI",
      "home": "ARI",
      "away": "ATL",
      "model_probs": {
        "home_win_prob": 0.3951929629928602,
        "away_win_prob": 0.6048070504181848,
        "expected_total": 9.071323915935718,
        "over_prob": 0.38089340819499373,
        "under_prob": 0.6191065918050063,
        "home_cover_prob": 0.5094817526569391,
        "away_cover_prob": 0.49051824734306093,
        "total_line": 9.0,
        "spread_line": 1.5,
        "n_games": 50,
        "avg_similarity": 0.6337337010703031,
        "confidence": 0.3350965901347199,
        "raw_confidence": 0.1309178309764921,
        "raw_home_win_prob": 0.5157408200864297,
        "raw_over_prob": 0.3022691056659891,
        "run_distribution": {
          "0": 0.02,
          "1": 0.04,
          "2": 0.06,
          "3": 0.12,
          "4": 0.08,
          "5": 0.06,
          "7": 0.14,
          "8": 0.08,
          "9": 0.08,
          "10": 0.02,
          "11": 0.12,
          "12": 0.06,
          "13": 0.04,
          "14": 0.02,
          "15": 0.04,
          "21": 0.02
        }
      },
      "market_probs": {
        "home_win_prob": 0.4793531785665552,
        "away_win_prob": 0.5206468214334448,
        "over_prob": 0.5004643350839062,
        "under_prob": 0.4995356649160938,
        "spread_home_cover_prob": 0.5995470676123492,
        "total_line": 9.0,
        "spread_line": 1.5,
        "n_books_ml": 14,
        "n_books_total": 14
      },
      "blended_probs": {
        "home_win_prob": 0.441356683981243,
        "away_win_prob": 0.5586433160187569,
        "over_prob": 0.44648067968182376,
        "under_prob": 0.5535193203181763,
        "home_cover_prob": 0.441356683981243,
        "away_cover_prob": 0.4329829465155832,
        "expected_total": 9.016100593179218,
        "model_confidence": 0.3350965901347199,
        "effective_model_weight": 0.451478104307379
      },
      "n_similar": 50,
      "n_bets": 0,
      "context_indicators": {
        "fatigue": [],
        "pitcher": [
          {
            "team": "ARI",
            "type": "weak",
            "value": 31.8,
            "severity": "negative"
          },
          {
            "team": "ATL",
            "type": "ace",
            "value": 72.2,
            "severity": "positive"
          }
        ],
        "splits": [],
        "park": []
      },
      "pitcher_matchup": {
        "home": {
          "name": "Ryne Nelson",
          "era": 7.71,
          "whip": 1.07,
          "k_per_9": 7.71,
          "fip": 8.89,
          "quality_score": 31.8,
          "handedness": "R"
        },
        "away": {
          "name": "Reynaldo L\u00f3pez",
          "era": 1.5,
          "whip": 0.83,
          "k_per_9": 4.5,
          "fip": 5.27,
          "quality_score": 72.2,
          "handedness": "R"
        }
      },
      "team_splits": {
        "home": {
          "win_pct": 0.8,
          "rs_pg": 7.0,
          "ra_pg": 5.8,
          "run_diff": 1.2,
          "games": 10
        },
        "away": {
          "win_pct": 0.5,
          "rs_pg": 3.6,
          "ra_pg": 3.7,
          "run_diff": -0.1,
          "games": 10
        }
      },
      "bullpen": {
        "home": {
          "bullpen_era": 4.82,
          "bullpen_whip": 1.22,
          "bullpen_k9": 7.2,
          "bullpen_quality": 57.2,
          "team_era": 4.59
        },
        "away": {
          "bullpen_era": 2.1,
          "bullpen_whip": 0.94,
          "bullpen_k9": 7.6,
          "bullpen_quality": 84.2,
          "team_era": 2.0
        }
      },
      "park_factor": 104
    },
    {
      "game": "NYM @ SF",
      "home": "SF",
      "away": "NYM",
      "model_probs": {
        "home_win_prob": 0.5702499626298151,
        "away_win_prob": 0.429750037370185,
        "expected_total": 10.520268597191311,
        "over_prob": 0.574871917663687,
        "under_prob": 0.42512808233631305,