{
  "timestamp": "2026-05-21T17:48:28.067961+00:00",
  "stake": 0.5,
  "days_back": 90,
  "min_edge": 0.03,
  "n_historical_games": 1381,
  "games_analyzed": [
    {
      "game": "NYM @ WSH",
      "home": "WSH",
      "away": "NYM",
      "model_probs": {
        "home_win_prob": 0.5418042666921079,
        "away_win_prob": 0.4581957333078921,
        "expected_total": 10.699022568384123,
        "over_prob": 0.6029603532408484,
        "under_prob": 0.3970396467591516,
        "home_cover_prob": 0.5246717888675061,
        "away_cover_prob": 0.4753282111324939,
        "total_line": 8.0,
        "spread_line": 1.5,
        "n_games": 50,
        "avg_similarity": 0.7338666415595654,
        "confidence": 0.6178679327528491,
        "raw_confidence": 0.565950665773614,
        "raw_home_win_prob": 0.5317779700723002,
        "raw_over_prob": 0.6326158813003768,
        "run_distribution": {
          "0": 0.06,
          "1": 0.02,
          "3": 0.08,
          "5": 0.08,
          "6": 0.06,
          "7": 0.06,
          "8": 0.12,
          "9": 0.1,
          "10": 0.08,
          "11": 0.04,
          "12": 0.04,
          "13": 0.1,
          "14": 0.02,
          "15": 0.02,
          "16": 0.02,
          "17": 0.02,
          "18": 0.04,
          "19": 0.02,
          "23": 0.02
        }
      },
      "market_probs": {
        "home_win_prob": 0.49144015248844636,
        "away_win_prob": 0.5085598475115537,
        "over_prob": 0.5007042386290483,
        "under_prob": 0.49929576137095166,
        "spread_home_cover_prob": 0.6124338577008912,
        "total_line": 7.5,
        "spread_line": 1.5,
        "n_books_ml": 16,
        "n_books_total": 16
      },
      "blended_probs": {
        "home_win_prob": 0.5099477754417516,
        "away_win_prob": 0.4900522245582484,
        "over_prob": 0.5404913412340081,
        "under_prob": 0.4595086587659919,
        "home_cover_prob": 0.5099477754417516,
        "away_cover_prob": 0.41791954312129187,
        "expected_total": 8.191508982383649,
        "model_confidence": 0.6178679327528491,
        "effective_model_weight": 0.43232516657920445
      },
      "n_similar": 50,
      "n_bets": 1,
      "context_indicators": {
        "fatigue": [
          {
            "team": "WSH",
            "type": "B2B",
            "severity": "medium"
          },
          {
            "team": "NYM",
            "type": "B2B",
            "severity": "medium"
          }
        ],
        "pitcher": [],
        "splits": [],
        "park": []
      },
      "pitcher_matchup": {
        "home": {
          "name": "Cade Cavalli",
          "era": 4.05,
          "whip": 1.54,
          "k_per_9": 10.03,
          "fip": 2.86,
          "quality_score": 60.0,
          "handedness": "R"
        },
        "away": {
          "name": "David Peterson",
          "era": 5.4,
          "whip": 1.57,
          "k_per_9": 9.55,
          "fip": 2.75,
          "quality_score": 46.4,
          "handedness": "L"
        }
      },
      "team_splits": {
        "home": {
          "win_pct": 0.7,
          "rs_pg": 7.1,
          "ra_pg": 5.8,
          "run_diff": 1.3,
          "games": 10
        },
        "away": {
          "win_pct": 0.5,
          "rs_pg": 4.6,
          "ra_pg": 4.4,
          "run_diff": 0.2,
          "games": 10
        }
      },
      "bullpen": {
        "home": {
          "bullpen_era": 5.29,
          "bullpen_whip": 1.46,
          "bullpen_k9": 7.4,
          "bullpen_quality": 50.2,
          "team_era": 5.04
        },
        "away": {
          "bullpen_era": 4.11,
          "bullpen_whip": 1.33,
          "bullpen_k9": 8.9,
          "bullpen_quality": 65.6,
          "team_era": 3.91
        }
      },
      "park_factor": 100
    },
    {
      "game": "ATL @ MIA",
      "home": "MIA",
      "away": "ATL",
      "model_probs": {
        "home_win_prob": 0.3712700836418891,
        "away_win_prob": 0.628729929769156,
        "expected_total": 9.416676172144358,
        "over_prob": 0.5658682472974055,
        "under_prob": 0.4341317527025945,
        "home_cover_prob": 0.40106483617674654,
        "away_cover_prob": 0.5989351638232534,
        "total_line": 7.5,
        "spread_line": 1.5,
        "n_games": 50,
        "avg_similarity": 0.6769103994385047,
        "confidence": 0.6003391719291681,
        "raw_confidence": 0.5389833414294893,
        "raw_home_win_prob": 0.3707732171935178,
        "raw_over_prob": 0.5860355545835246,
        "run_distribution": {
          "0": 0.06,
          "1": 0.02,
          "3": 0.06,
          "4": 0.08,
          "5": 0.16,
          "6": 0.02,
          "7": 0.08,
          "8": 0.08,
          "9": 0.02,
          "10": 0.08,
          "11": 0.06,
          "12": 0.06,
          "13": 0.04,
          "15": 0.08,
          "16": 0.04,
          "17": 0.02,
          "18": 0.02,
          "23": 0.02
        }
      },
      "market_probs": {
        "home_win_prob": 0.4377372271140437,
        "away_win_prob": 0.5622627728859563,
        "over_prob": 0.4918813219381158,
        "under_prob": 0.5081186780618843,
        "spread_home_cover_prob": 0.5679627006979744,
        "total_line": 7.5,
        "spread_line": 1.5,
        "n_books_ml": 16,
        "n_books_total": 16
      },
      "blended_probs": {
        "home_win_prob": 0.4136610809715027,
        "away_win_prob": 0.5863389190284973,
        "over_prob": 0.5202578018061312,
        "under_prob": 0.47974219819386876,
        "home_cover_prob": 0.4136610809715027,
        "away_cover_prob": 0.4889359276847858,
        "expected_total": 7.908394400228614,
        "model_confidence": 0.6003391719291681,
        "effective_model_weight": 0.4261485650668947
      },
      "n_similar": 50,
      "n_bets": 0,
      "context_indicators": {
        "fatigue": [
          {
            "team": "MIA",
            "type": "B2B",
            "severity": "medium"
          },
          {
            "team": "ATL",
            "type": "B2B",
            "severity": "medium"
          }
        ],
        "pitcher": [
          {
            "team": "ATL",
            "type": "ace",
            "value": 74.5,
            "severity": "positive"
          }
        ],
        "splits": [],
        "park": [
          {
            "team": "MIA",
            "type": "pitcher-friendly",
            "value": 96,
            "severity": "medium"
          }
        ]
      },
      "pitcher_matchup": {
        "home": {
          "name": "Sandy Alcantara",
          "era": 3.53,
          "whip": 1.26,
          "k_per_9": 6.36,
          "fip": 3.45,
          "quality_score": 61.2,
          "handedness": "R"
        },
        "away": {
          "name": "Spencer Strider",
          "era": 2.45,
          "whip": 1.23,
          "k_per_9": 11.05,
          "fip": 3.58,
          "quality_score": 74.5,
          "handedness": "R"
        }
      },
      "team_splits": {
        "home": {
          "win_pct": 0.4,
          "rs_pg": 4.9,
          "ra_pg": 5.1,
          "run_diff": -0.2,
          "games": 10
        },
        "away": {
          "win_pct": 0.5,
          "rs_pg": 4.1,
          "ra_pg": 3.7,
          "run_diff": 0.4,
          "games": 10
        }
      },
      "bullpen": {
        "home": {
          "bullpen_era": 4.51,
          "bullpen_whip": 1.33,
          "bullpen_k9": 8.1,
          "bullpen_quality": 60.2,
          "team_era": 4.3
        },
        "away": {
          "bullpen_era": 3.27,
          "bullpen_whip": 1.17,
          "bullpen_k9": 8.4,
          "bullpen_quality": 73.4,
          "team_era": 3.11
        }
      },
      "park_factor": 96
    },
    {
      "game": "TOR @ NYY",
      "home": "NYY",
      "away": "TOR",
      "model_probs": {
        "home_win_prob": 0.6203854471303368,
        "away_win_prob": 0.3796145528696632,
        "expected_total": 8.757870619481507,
        "over_prob": 0.5409895259663122,