{
  "timestamp": "2026-03-25T17:49:41.299616+00:00",
  "stake": 0.5,
  "days_back": 90,
  "min_edge": 0.03,
  "n_historical_games": 508,
  "games_analyzed": [
    {
      "game": "NYY @ SF",
      "home": "SF",
      "away": "NYY",
      "model_probs": {
        "home_win_prob": 0.6068759858642653,
        "away_win_prob": 0.39312401413573483,
        "expected_total": 8.675015088256702,
        "over_prob": 0.5251935874941314,
        "under_prob": 0.47480641250586864,
        "home_cover_prob": 0.5275089469860504,
        "away_cover_prob": 0.47249105301394956,
        "total_line": 7.0,
        "spread_line": -0.5,
        "n_games": 50,
        "avg_similarity": 0.7338354748595457,
        "confidence": 0.48403991367155635,
        "raw_confidence": 0.3600614056485482,
        "raw_home_win_prob": 0.5660614155030628,
        "raw_over_prob": 0.5363007145051363,
        "run_distribution": {
          "0": 0.02,
          "1": 0.06,
          "2": 0.04,
          "3": 0.02,
          "4": 0.1,
          "5": 0.2,
          "6": 0.04,
          "7": 0.08,
          "8": 0.02,
          "9": 0.16,
          "10": 0.02,
          "11": 0.06,
          "12": 0.04,
          "13": 0.04,
          "14": 0.02,
          "15": 0.02,
          "18": 0.02,
          "19": 0.02,
          "21": 0.02
        }
      },
      "market_probs": {
        "home_win_prob": 0.4668235192874678,
        "away_win_prob": 0.5331764807125322,
        "over_prob": 0.5093330614544692,
        "under_prob": 0.4906669385455308,
        "spread_home_cover_prob": 0.5985500870392821,
        "total_line": 7.0,
        "spread_line": 1.5,
        "n_books_ml": 15,
        "n_books_total": 15
      },
      "blended_probs": {
        "home_win_prob": 0.5383002220494189,
        "away_win_prob": 0.46169977795058115,
        "over_prob": 0.517427585835898,
        "under_prob": 0.482572414164102,
        "home_cover_prob": 0.5383002220494189,
        "away_cover_prob": 0.43045496557031593,
        "expected_total": 8.675015088256702,
        "model_confidence": 0.48403991367155635,
        "effective_model_weight": 0.5103566149815507
      },
      "n_similar": 50,
      "n_bets": 2,
      "context_indicators": {
        "fatigue": [
          {
            "team": "SF",
            "type": "well-rested",
            "severity": "positive"
          }
        ],
        "pitcher": [],
        "splits": [],
        "park": []
      },
      "pitcher_matchup": {
        "home": {
          "name": "Logan Webb",
          "era": 4.5,
          "whip": 1.3,
          "k_per_9": 8.0,
          "fip": 4.3,
          "quality_score": 50,
          "handedness": "R"
        },
        "away": {
          "name": "Max Fried",
          "era": 4.5,
          "whip": 1.3,
          "k_per_9": 8.0,
          "fip": 4.3,
          "quality_score": 50,
          "handedness": "R"
        }
      },
      "team_splits": {
        "home": {
          "win_pct": 0.5,
          "rs_pg": 4.9,
          "ra_pg": 4.0,
          "run_diff": 0.9,
          "games": 10
        },
        "away": {
          "win_pct": 0.5,
          "rs_pg": 3.2,
          "ra_pg": 5.8,
          "run_diff": -2.6,
          "games": 10
        }
      },
      "bullpen": {
        "home": {
          "bullpen_era": 4.0,
          "bullpen_whip": 1.3,
          "bullpen_k9": 8.0,
          "bullpen_quality": 50,
          "team_era": 4.0
        },
        "away": {
          "bullpen_era": 4.0,
          "bullpen_whip": 1.3,
          "bullpen_k9": 8.0,
          "bullpen_quality": 50,
          "team_era": 4.0
        }
      },
      "park_factor": 98
    }
  ],
  "recommendations": [
    {
      "game": "NYY @ SF",
      "bet_type": "Total",
      "pick": "Over 6.5",
      "book": "espnbet",
      "odds": -135,
      "ev": 0.16321861887872052,
      "roi": 0.32643723775744105,
      "edge": 0.18752777488193417,
      "true_prob": 0.7619958599883172,
      "implied_prob": 0.574468085106383,
      "american_odds": -135,
      "decimal_odds": 1.7407407407407407,
      "stake": 0.5,
      "profit_if_win": 0.37037037037037035,
      "loss_if_lose": 0.5,
      "is_positive_ev": true,
      "confidence": 0.48403991367155635,
      "kelly_fraction": 0.11017256774313636,
      "kelly_stake": 11.02,
      "all_book_odds": [
        {
          "book": "draftkings",
          "odds": -105,
          "point": 7.0
        },
        {
          "book": "fanduel",
          "odds": -105,
          "point": 7.0
        },
        {
          "book": "betus",
          "odds": -105,
          "point": 7.0
        },
        {
          "book": "betanysports",
          "odds": -105,
          "point": 7.0
        },
        {
          "book": "mybookieag",
          "odds": -106,
          "point": 7.0
        },
        {
          "book": "lowvig",
          "odds": -107,
          "point": 7.0
        },
        {
          "book": "betmgm",
          "odds": -110,
          "point": 7.0
        },
        {
          "book": "bovada",
          "odds": -110,
          "point": 7.0
        },
        {
          "book": "betonlineag",
          "odds": -110,
          "point": 7.0
        },
        {
          "book": "betparx",
          "odds": -115,
          "point": 7.0
        },
        {
          "book": "ballybet",
          "odds": -115,
          "point": 7.0
        },
        {
          "book": "betrivers",
          "odds": -117,
          "point": 7.0
        },
        {
          "book": "espnbet",
          "odds": -135,
          "point": 6.5
        },
        {
          "book": "hardrockbet",
          "odds": -140,
          "point": 6.5
        },
        {
          "book": "fliff",
          "odds": -145,
          "point": 6.5
        }
      ]
    },
    {
      "game": "NYY @ SF",
      "bet_type": "Moneyline",
      "pick": "SF ML",
      "book": "bovada",
      "odds": 111,
      "ev": 0.067906734262137,
      "roi": 0.135813468524274,
      "edge": 0.06436657276031932,
      "true_prob": 0.5383002220494189,
      "implied_prob": 0.47393364928909953,
      "american_odds": 111,
      "decimal_odds": 2.1100000000000003,
      "stake": 0.5,
      "profit_if_win": 0.5550000000000002,
      "loss_if_lose": 0.5,
      "is_positive_ev": true,
      "confidence": 0.48403991367155635,
      "kelly_fraction": 0.03058861903699864,
      "kelly_stake": 3.06,
      "all_book_odds": [
        {
          "book": "bovada",
          "odds": 111
        },
        {
          "book": "fliff",
          "odds": 110
        },
        {
          "book": "betus",
          "odds": 110
        },
        {
          "book": "betanysports",
          "odds": 110
        },
        {
          "book": "lowvig",
          "odds": 109
        },
        {
          "book": "betonlineag",
          "odds": 109
        },
        {
          "book": "fanduel",
          "odds": 106
        },
        {
          "book": "betmgm",
          "odds": 105
        },
        {
          "book": "espnbet",
          "odds": 105
        },
        {
          "book": "hardrockbet",
          "odds": 105
        },
        {
          "book": "mybookieag",
          "odds": 105
        },
        {
          "book": "draftkings",
          "odds": 104
        },
        {
          "book": "betparx",
          "odds": 100
        },
        {
          "book": "ballybet",
          "odds": 100
        },
        {
          "book": "betrivers",
          "odds": 100
        }
      ]
    }
  ],
  "quota_info": {
    "total_keys": 3,
    "total_remaining": 1434,
    "total_used": 66,
    "keys": [
      {
        "index": 0,
        "used": 66,
        "remaining": 434
      },
      {
        "index": 1,
        "used": 0,
        "remaining": 500
      },
      {
        "index": 2,
        "used": 0,
        "remaining": 500
      }
    ]
  }
}