{
  "timestamp": "2026-07-16T16:58:16.671837+00:00",
  "stake": 0.5,
  "days_back": 90,
  "min_edge": 0.03,
  "n_historical_games": 1356,
  "games_analyzed": [
    {
      "game": "NYM @ PHI",
      "home": "PHI",
      "away": "NYM",
      "model_probs": {
        "home_win_prob": 0.5456708395213856,
        "away_win_prob": 0.4543291604786145,
        "expected_total": 9.630111330431182,
        "over_prob": 0.3832712243983261,
        "under_prob": 0.6167287756016739,
        "home_cover_prob": 0.4313504677025508,
        "away_cover_prob": 0.5686495322974492,
        "total_line": 9.5,
        "spread_line": -1.5,
        "n_games": 50,
        "avg_similarity": 0.7434820273762474,
        "confidence": 0.6519023004777347,
        "raw_confidence": 0.6183112315042072,
        "raw_home_win_prob": 0.43272699996734587,
        "raw_over_prob": 0.35359941067307993,
        "run_distribution": {
          "0": 0.12,
          "1": 0.04,
          "4": 0.06,
          "5": 0.02,
          "6": 0.06,
          "7": 0.06,
          "8": 0.14,
          "9": 0.1,
          "10": 0.1,
          "11": 0.1,
          "12": 0.04,
          "13": 0.02,
          "14": 0.02,
          "15": 0.04,
          "18": 0.02,
          "19": 0.02,
          "23": 0.02,
          "28": 0.02
        }
      },
      "market_probs": {
        "home_win_prob": 0.5412105668245032,
        "away_win_prob": 0.45878943317549686,
        "over_prob": 0.4971290899454476,
        "under_prob": 0.5028709100545524,
        "spread_home_cover_prob": 0.38248844714328356,
        "total_line": 9.5,
        "spread_line": -1.5,
        "n_books_ml": 16,
        "n_books_total": 16
      },
      "blended_probs": {
        "home_win_prob": 0.5428941488634585,
        "away_win_prob": 0.45710585113654145,
        "over_prob": 0.4516240506507912,
        "under_prob": 0.5483759493492089,
        "home_cover_prob": 0.39984707351197835,
        "away_cover_prob": 0.45710585113654145,
        "expected_total": 9.528889436333138,
        "model_confidence": 0.6519023004777347,
        "effective_model_weight": 0.4440725682751804
      },
      "n_similar": 50,
      "n_bets": 0,
      "context_indicators": {
        "fatigue": [
          {
            "team": "PHI",
            "type": "well-rested",
            "severity": "positive"
          },
          {
            "team": "NYM",
            "type": "well-rested",
            "severity": "positive"
          }
        ],
        "pitcher": [
          {
            "team": "NYM",
            "type": "ace",
            "value": 70.8,
            "severity": "positive"
          }
        ],
        "splits": [],
        "park": []
      },
      "pitcher_matchup": {
        "home": {
          "name": "Aaron Nola",
          "era": 5.75,
          "whip": 1.43,
          "k_per_9": 9.46,
          "fip": 4.64,
          "quality_score": 50.2,
          "handedness": "R"
        },
        "away": {
          "name": "Christian Scott",
          "era": 3.17,
          "whip": 1.3,
          "k_per_9": 10.83,
          "fip": 3.82,
          "quality_score": 70.8,
          "handedness": "R"
        }
      },
      "team_splits": {
        "home": {
          "win_pct": 0.6,
          "rs_pg": 7.0,
          "ra_pg": 4.8,
          "run_diff": 2.2,
          "games": 10
        },
        "away": {
          "win_pct": 0.3,
          "rs_pg": 3.8,
          "ra_pg": 7.1,
          "run_diff": -3.3,
          "games": 10
        }
      },
      "bullpen": {
        "home": {
          "bullpen_era": 4.44,
          "bullpen_whip": 1.35,
          "bullpen_k9": 9.4,
          "bullpen_quality": 64.0,
          "team_era": 4.23
        },
        "away": {
          "bullpen_era": 4.48,
          "bullpen_whip": 1.35,
          "bullpen_k9": 8.7,
          "bullpen_quality": 61.9,
          "team_era": 4.27
        }
      },
      "park_factor": 103
    }
  ],
  "recommendations": [],
  "parlays": [],
  "quota_info": {
    "total_keys": 3,
    "total_remaining": 1422,
    "total_used": 78,
    "keys": [
      {
        "index": 0,
        "used": 78,
        "remaining": 422
      },
      {
        "index": 1,
        "used": 0,
        "remaining": 500
      },
      {
        "index": 2,
        "used": 0,
        "remaining": 500
      }
    ]
  }
}