{
  "timestamp": "2026-07-23T17:07:00.543256+00:00",
  "stake": 0.5,
  "days_back": 90,
  "min_edge": 0.03,
  "n_historical_games": 1358,
  "games_analyzed": [
    {
      "game": "TB @ TOR",
      "home": "TOR",
      "away": "TB",
      "model_probs": {
        "home_win_prob": 0.3424464087633078,
        "away_win_prob": 0.6575535845311697,
        "expected_total": 9.431734671026511,
        "over_prob": 0.4644432622732771,
        "under_prob": 0.535556737726723,
        "home_cover_prob": 0.3938612110360958,
        "away_cover_prob": 0.6061387889639043,
        "total_line": 8.5,
        "spread_line": -1.5,
        "n_games": 50,
        "avg_similarity": 0.7265259671317562,
        "confidence": 0.6081360370404745,
        "raw_confidence": 0.5509785185238067,
        "raw_home_win_prob": 0.4490560473352562,
        "raw_over_prob": 0.4538458796596861,
        "run_distribution": {
          "0": 0.04,
          "3": 0.02,
          "5": 0.12,
          "6": 0.06,
          "7": 0.2,
          "8": 0.18,
          "9": 0.08,
          "11": 0.04,
          "12": 0.02,
          "13": 0.08,
          "14": 0.06,
          "15": 0.04,
          "16": 0.04,
          "17": 0.02
        }
      },
      "market_probs": {
        "home_win_prob": 0.48755545094259994,
        "away_win_prob": 0.5124445490574,
        "over_prob": 0.5031799800352689,
        "under_prob": 0.49682001996473113,
        "spread_home_cover_prob": 0.558036335552832,
        "total_line": 8.5,
        "spread_line": 1.5,
        "n_books_ml": 16,
        "n_books_total": 16
      },
      "blended_probs": {
        "home_win_prob": 0.434652918704179,
        "away_win_prob": 0.565347081295821,
        "over_prob": 0.48822697814912513,
        "under_prob": 0.5117730218508749,
        "home_cover_prob": 0.434652918704179,
        "away_cover_prob": 0.4982963428380822,
        "expected_total": 8.699813726817252,
        "model_confidence": 0.6081360370404745,
        "effective_model_weight": 0.4289069260396054
      },
      "n_similar": 50,
      "n_bets": 0,
      "context_indicators": {
        "fatigue": [
          {
            "team": "TOR",
            "type": "B2B",
            "severity": "medium"
          },
          {
            "team": "TB",
            "type": "B2B",
            "severity": "medium"
          }
        ],
        "pitcher": [
          {
            "team": "TOR",
            "type": "weak",
            "value": 32.8,
            "severity": "negative"
          }
        ],
        "splits": [],
        "park": []
      },
      "pitcher_matchup": {
        "home": {
          "name": "Shane Bieber",
          "era": 5.7,
          "whip": 1.73,
          "k_per_9": 7.23,
          "fip": 6.86,
          "quality_score": 32.8,
          "handedness": "R"
        },
        "away": {
          "name": "Casey Legumina",
          "era": 3.92,
          "whip": 1.28,
          "k_per_9": 6.31,
          "fip": 3.75,
          "quality_score": 57.3,
          "handedness": "R"
        }
      },
      "team_splits": {
        "home": {
          "win_pct": 0.3,
          "rs_pg": 2.5,
          "ra_pg": 5.7,
          "run_diff": -3.2,
          "games": 10
        },
        "away": {
          "win_pct": 0.5,
          "rs_pg": 3.3,
          "ra_pg": 4.3,
          "run_diff": -1.0,
          "games": 10
        }
      },
      "bullpen": {
        "home": {
          "bullpen_era": 4.39,
          "bullpen_whip": 1.36,
          "bullpen_k9": 8.5,
          "bullpen_quality": 62.0,
          "team_era": 4.18
        },
        "away": {
          "bullpen_era": 4.03,
          "bullpen_whip": 1.21,
          "bullpen_k9": 7.7,
          "bullpen_quality": 64.8,
          "team_era": 3.84
        }
      },
      "park_factor": 99
    },
    {
      "game": "ARI @ STL",
      "home": "STL",
      "away": "ARI",
      "model_probs": {
        "home_win_prob": 0.400436022245878,
        "away_win_prob": 0.599563964343077,
        "expected_total": 6.740308987271518,
        "over_prob": 0.391021275500069,
        "under_prob": 0.608978724499931,
        "home_cover_prob": 0.3833798048199546,
        "away_cover_prob": 0.6166201951800454,
        "total_line": 7.5,
        "spread_line": -1.5,
        "n_games": 50,
        "avg_similarity": 0.7796718423929923,
        "confidence": 0.7044939551838607,
        "raw_confidence": 0.6992214695136318,
        "raw_home_win_prob": 0.406667021483472,
        "raw_over_prob": 0.36865105040412516,
        "run_distribution": {
          "0": 0.14,
          "1": 0.02,
          "2": 0.02,
          "3": 0.04,
          "5": 0.06,
          "6": 0.06,
          "7": 0.24,
          "8": 0.18,
          "9": 0.08,
          "11": 0.04,
          "13": 0.04,
          "15": 0.04,
          "16": 0.04
        }
      },
      "market_probs": {
        "home_win_prob": 0.5243563504107609,
        "away_win_prob": 0.4756436495892391,
        "over_prob": 0.48789451065430384,
        "under_prob": 0.5121054893456962,
        "spread_home_cover_prob": 0.43131176994872855,
        "total_line": 7.5,
        "spread_line": -1.5,
        "n_books_ml": 16,
        "n_books_total": 16
      },
      "blended_probs": {
        "home_win_prob": 0.4757309931068117,
        "away_win_prob": 0.5242690068931883,
        "over_prob": 0.44764620170319314,
        "under_prob": 0.5523537982968069,
        "home_cover_prob": 0.41361000593778274,
        "away_cover_prob": 0.5242690068931883,
        "expected_total": 7.324648971301993,
        "model_confidence": 0.7044939551838607,
        "effective_model_weight": 0.46163775998407874
      },
      "n_similar": 50,
      "n_bets": 0,
      "context_indicators": {
        "fatigue": [
          {
            "team": "STL",
            "type": "B2B",
            "severity": "medium"
          },
          {
            "team": "ARI",
            "type": "B2B",
            "severity": "medium"
          }
        ],
        "pitcher": [
          {
            "team": "STL",
            "type": "ace",
            "value": 71.7,
            "severity": "positive"
          }
        ],
        "splits": [],
        "park": []
      },
      "pitcher_matchup": {
        "home": {
          "name": "Michael McGreevy",
          "era": 2.92,
          "whip": 1.1,
          "k_per_9": 5.92,
          "fip": 4.14,
          "quality_score": 71.7,
          "handedness": "R"
        },
        "away": {
          "name": "Brandon Pfaadt",
          "era": 4.58,
          "whip": 1.31,
          "k_per_9": 6.71,
          "fip": 4.29,
          "quality_score": 52.6,
          "handedness": "R"
        }
      },
      "team_splits": {
        "home": {
          "win_pct": 0.4,
          "rs_pg": 2.5,
          "ra_pg": 3.0,
          "run_diff": -0.5,
          "games": 10
        },
        "away": {
          "win_pct": 0.7,
          "rs_pg": 4.9,
          "ra_pg": 3.1,
          "run_diff": 1.8,
          "games": 10
        }
      },
      "bullpen": {
        "home": {
          "bullpen_era": 4.33,
          "bullpen_whip": 1.37,
          "bullpen_k9": 7.3,
          "bullpen_quality": 58.9,
          "team_era": 4.12
        },
        "away": {
          "bullpen_era": 4.42,
          "bullpen_whip": 1.33,
          "bullpen_k9": 6.6,
          "bullpen_quality": 57.0,
          "team_era": 4.21
        }
      },
      "park_factor": 100
    },
    {
      "game": "KC @ DET",
      "home": "DET",
      "away": "KC",
      "model_probs": {
        "home_win_prob": 0.5308384483813293,
        "away_win_prob": 0.4691615516186708,
        "expected_total": 7.386272597002414,
        "over_prob": 0.3355327915877935,
        "under_prob": 0.6644672084122065,
        "home_cover_prob": 0.4101327043054315,
        "away_cover_prob": 0.5898672956945685,
        "total_line": 8.5,
        "spread_line": -1.5,
        "n_games": 50,