{
  "timestamp": "2026-05-14T14:56:30.381038-04:00",
  "stake": 0.5,
  "days_back": 90,
  "min_edge": 0.04,
  "n_historical_games": 491,
  "games_analyzed": [
    {
      "game": "MTL @ BUF",
      "home": "BUF",
      "away": "MTL",
      "model_probs": {
        "home_win_prob": 0.654299562294566,
        "away_win_prob": 0.345700437705434,
        "expected_total": 5.557751115367031,
        "over_prob": 0.4465128786323291,
        "under_prob": 0.5534871213676709,
        "home_cover_prob": 0.588642116386316,
        "away_cover_prob": 0.411357883613684,
        "total_line": 6.0,
        "spread_line": -1.5,
        "n_games": 50,
        "avg_similarity": 0.7361612175996691,
        "confidence": 0.4511869528708462,
        "raw_confidence": 0.5623611142215265,
        "raw_home_win_prob": 0.6143851238362631,
        "raw_over_prob": 0.43097941192398304,
        "goal_distribution": {
          "1": 0.04,
          "2": 0.02,
          "3": 0.16,
          "4": 0.04,
          "5": 0.22,
          "6": 0.16,
          "7": 0.14,
          "8": 0.12,
          "9": 0.06,
          "11": 0.04
        }
      },
      "market_probs": {
        "home_win_prob": 0.5259015461631286,
        "away_win_prob": 0.4740984538368714,
        "over_prob": 0.5107861255400409,
        "under_prob": 0.4892138744599591,
        "spread_home_cover_prob": 0.3184684041490117,
        "total_line": 5.5,
        "spread_line": -1.5,
        "n_books_ml": 14,
        "n_books_total": 14,
        "n_books_spread": 14
      },
      "blended_probs": {
        "home_win_prob": 0.5659585005818065,
        "away_win_prob": 0.4340414994181935,
        "over_prob": 0.48739977895334696,
        "under_prob": 0.512600221046653,
        "home_cover_prob": 0.37630408722220043,
        "away_cover_prob": 0.4340414994181935,
        "expected_total": 5.557751115367031,
        "model_confidence": 0.4511869528708462,
        "effective_model_weight": 0.335852256532112
      },
      "n_similar": 50,
      "n_bets": 0,
      "context_indicators": {
        "fatigue": [],
        "goalie": [],
        "injuries": [],
        "splits": [],
        "advanced": []
      },
      "goalie_matchup": {
        "home": {
          "name": "Colten Ellis",
          "quality_score": 52.0,
          "recent_save_pct": 0.9,
          "recent_gaa": 3.0,
          "recent_quality_starts": 0
        },
        "away": null
      },
      "team_splits": {
        "home": {
          "games": 10,
          "wins": 6,
          "losses": 3,
          "ot_losses": 1,
          "win_pct": 0.6,
          "goals_for": 31,
          "goals_against": 27,
          "gf_pg": 3.1,
          "ga_pg": 2.7,
          "goal_diff": 0.4
        },
        "away": {
          "games": 10,
          "wins": 7,
          "losses": 3,
          "ot_losses": 0,
          "win_pct": 0.7,
          "goals_for": 31,
          "goals_against": 24,
          "gf_pg": 3.1,
          "ga_pg": 2.4,
          "goal_diff": 0.7
        }
      },
      "injuries": {
        "home": {
          "impact_score": 0,
          "key_injuries": [],
          "total_injuries": 0,
          "positions_affected": {},
          "injury_details": []
        },
        "away": {
          "impact_score": 0,
          "key_injuries": [],
          "total_injuries": 0,
          "positions_affected": {},
          "injury_details": []
        }
      },
      "advanced_stats": {
        "home": {
          "xGF_per_60": 3.336585365853658,
          "xGA_per_60": 2.7920731707317072,
          "xGF_pct": 54.44234404536862,
          "corsi_pct": 54.44234404536862,
          "fenwick_pct": 54.44234404536862,
          "shooting_pct": 33.33333333333333,
          "save_pct": 0.6666666666666667,
          "pdo": 100.0
        },
        "away": {
          "xGF_per_60": 3.2786585365853655,
          "xGA_per_60": 2.9658536585365853,
          "xGF_pct": 52.50463821892393,
          "corsi_pct": 52.50463821892394,
          "fenwick_pct": 52.50463821892394,
          "shooting_pct": 33.33333333333333,
          "save_pct": 0.6666666666666667,
          "pdo": 100.0
        }
      }
    },
    {
      "game": "VGK @ ANA",
      "home": "ANA",
      "away": "VGK",
      "model_probs": {
        "home_win_prob": 0.4979207529621269,
        "away_win_prob": 0.5020792613429879,
        "expected_total": 6.9876475802500595,
        "over_prob": 0.4600396855033605,
        "under_prob": 0.5399603144966395,
        "home_cover_prob": 0.5786417382644051,
        "away_cover_prob": 0.4213582617355949,
        "total_line": 6.5,
        "spread_line": -1.5,
        "n_games": 50,
        "avg_similarity": 0.7401124985282226,
        "confidence": 0.4478156370613294,
        "raw_confidence": 0.5552852073907637,
        "raw_home_win_prob": 0.6018524852743238,
        "raw_over_prob": 0.4482455826428685,
        "goal_distribution": {
          "1": 0.02,
          "2": 0.02,
          "3": 0.12,
          "4": 0.06,
          "5": 0.18,
          "6": 0.1,
          "7": 0.2,
          "8": 0.18,
          "9": 0.06,
          "10": 0.04,
          "11": 0.02
        }
      },
      "market_probs": {
        "home_win_prob": 0.489730976012238,
        "away_win_prob": 0.510269023987762,
        "over_prob": 0.48789664473063177,
        "under_prob": 0.5121033552693682,
        "spread_home_cover_prob": 0.6657457209852321,
        "total_line": 6.5,
        "spread_line": 1.5,
        "n_books_ml": 15,
        "n_books_total": 15,
        "n_books_spread": 15
      },
      "blended_probs": {
        "home_win_prob": 0.49121644152909805,
        "away_win_prob": 0.508783558470902,
        "over_prob": 0.4750051484088861,
        "under_prob": 0.5249948515911139,
        "home_cover_prob": 0.49121644152909805,
        "away_cover_prob": 0.508783558470902,
        "expected_total": 6.9876475802500595,
        "model_confidence": 0.4478156370613294,
        "effective_model_weight": 0.33459514232178017
      },
      "n_similar": 50,
      "n_bets": 0,
      "context_indicators": {
        "fatigue": [],
        "goalie": [
          {
            "team": "ANA",
            "type": "cold",
            "value": 0.874,
            "severity": "negative"
          }
        ],
        "injuries": [],
        "splits": [],
        "advanced": []
      },
      "goalie_matchup": {
        "home": {
          "name": "Lukas Dostal",
          "quality_score": 42.7,
          "recent_save_pct": 0.874,
          "recent_gaa": 3.29,
          "recent_quality_starts": 3
        },
        "away": null
      },
      "team_splits": {
        "home": {
          "games": 10,
          "wins": 5,
          "losses": 4,
          "ot_losses": 1,
          "win_pct": 0.5,
          "goals_for": 36,
          "goals_against": 39,
          "gf_pg": 3.6,
          "ga_pg": 3.9,
          "goal_diff": -0.3
        },
        "away": {
          "games": 10,
          "wins": 6,
          "losses": 2,
          "ot_losses": 2,
          "win_pct": 0.6,
          "goals_for": 35,
          "goals_against": 27,
          "gf_pg": 3.5,
          "ga_pg": 2.7,
          "goal_diff": 0.8
        }
      },
      "injuries": {
        "home": {
          "impact_score": 0,
          "key_injuries": [],
          "total_injuries": 0,
          "positions_affected": {},
          "injury_details": []
        },
        "away": {
          "impact_score": 0,
          "key_injuries": [],
          "total_injuries": 0,
          "positions_affected": {},
          "injury_details": []
        }
      },
      "advanced_stats": {
        "home": {
          "xGF_per_60": 3.16280487804878,
          "xGA_per_60": 3.336585365853658,
          "xGF_pct": 48.663101604278076,
          "corsi_pct": 48.663101604278076,
          "fenwick_pct": 48.663101604278076,
          "shooting_pct": 33.33333333333333,
          "save_pct": 0.6666666666666667,
          "pdo": 100.0
        },