{
  "timestamp": "2026-05-16T13:58:09.414542-04:00",
  "stake": 0.5,
  "days_back": 90,
  "min_edge": 0.04,
  "n_historical_games": 485,
  "games_analyzed": [
    {
      "game": "BUF @ MTL",
      "home": "MTL",
      "away": "BUF",
      "model_probs": {
        "home_win_prob": 0.5684601579076135,
        "away_win_prob": 0.43153984209238644,
        "expected_total": 5.573455083458557,
        "over_prob": 0.39285364789705274,
        "under_prob": 0.6071463521029472,
        "home_cover_prob": 0.5701094197092309,
        "away_cover_prob": 0.4298905802907691,
        "total_line": 6.5,
        "spread_line": -1.5,
        "n_games": 50,
        "avg_similarity": 0.7393700854410935,
        "confidence": 0.44250047988320373,
        "raw_confidence": 0.5441294572005536,
        "raw_home_win_prob": 0.5913297165105005,
        "raw_over_prob": 0.3604232355184075,
        "goal_distribution": {
          "1": 0.04,
          "2": 0.02,
          "3": 0.16,
          "4": 0.06,
          "5": 0.22,
          "6": 0.12,
          "7": 0.14,
          "8": 0.14,
          "9": 0.06,
          "11": 0.04
        }
      },
      "market_probs": {
        "home_win_prob": 0.6091615325208009,
        "away_win_prob": 0.39083846747919915,
        "over_prob": 0.48784834160550533,
        "under_prob": 0.5121516583944947,
        "spread_home_cover_prob": 0.3891349578649587,
        "total_line": 6.5,
        "spread_line": -1.5,
        "n_books_ml": 15,
        "n_books_total": 15,
        "n_books_spread": 15
      },
      "blended_probs": {
        "home_win_prob": 0.5802819680599769,
        "away_win_prob": 0.4197180319400231,
        "over_prob": 0.4489615643716049,
        "under_prob": 0.551038435628395,
        "home_cover_prob": 0.42757094629615805,
        "away_cover_prob": 0.4197180319400231,
        "expected_total": 5.573455083458557,
        "model_confidence": 0.44250047988320373,
        "effective_model_weight": 0.33260354774235484
      },
      "n_similar": 50,
      "n_bets": 0,
      "context_indicators": {
        "fatigue": [],
        "goalie": [],
        "injuries": [],
        "splits": [],
        "advanced": []
      },
      "goalie_matchup": {
        "home": null,
        "away": null
      },
      "team_splits": {
        "home": {
          "games": 10,
          "wins": 5,
          "losses": 5,
          "ot_losses": 0,
          "win_pct": 0.5,
          "goals_for": 23,
          "goals_against": 24,
          "gf_pg": 2.3,
          "ga_pg": 2.4,
          "goal_diff": -0.1
        },
        "away": {
          "games": 10,
          "wins": 6,
          "losses": 3,
          "ot_losses": 1,
          "win_pct": 0.6,
          "goals_for": 36,
          "goals_against": 31,
          "gf_pg": 3.6,
          "ga_pg": 3.1,
          "goal_diff": 0.5
        }
      },
      "injuries": {
        "home": {
          "impact_score": 0,
          "key_injuries": [],
          "total_injuries": 0,
          "positions_affected": {},
          "injury_details": []
        },
        "away": {
          "impact_score": 0,
          "key_injuries": [],
          "total_injuries": 0,
          "positions_affected": {},
          "injury_details": []
        }
      },
      "advanced_stats": {
        "home": {
          "xGF_per_60": 3.2786585365853655,
          "xGA_per_60": 2.9658536585365853,
          "xGF_pct": 52.50463821892393,
          "corsi_pct": 52.50463821892394,
          "fenwick_pct": 52.50463821892394,
          "shooting_pct": 33.33333333333333,
          "save_pct": 0.6666666666666667,
          "pdo": 100.0
        },
        "away": {
          "xGF_per_60": 3.336585365853658,
          "xGA_per_60": 2.7920731707317072,
          "xGF_pct": 54.44234404536862,
          "corsi_pct": 54.44234404536862,
          "fenwick_pct": 54.44234404536862,
          "shooting_pct": 33.33333333333333,
          "save_pct": 0.6666666666666667,
          "pdo": 100.0
        }
      }
    }
  ],
  "recommendations": [],
  "parlays": [],
  "quota_info": {
    "total_keys": 3,
    "total_remaining": 1314,
    "total_used": 186,
    "keys": [
      {
        "index": 0,
        "used": 186,
        "remaining": 314,
        "last_updated": "2026-05-16T17:58:09.100966"
      },
      {
        "index": 1,
        "used": 0,
        "remaining": 500,
        "last_updated": "Never"
      },
      {
        "index": 2,
        "used": 0,
        "remaining": 500,
        "last_updated": "Never"
      }
    ]
  }
}