{
  "timestamp": "2026-05-12T14:59:29.011927-04:00",
  "stake": 0.5,
  "days_back": 90,
  "min_edge": 0.04,
  "n_historical_games": 494,
  "games_analyzed": [
    {
      "game": "BUF @ MTL",
      "home": "MTL",
      "away": "BUF",
      "model_probs": {
        "home_win_prob": 0.6540977312130055,
        "away_win_prob": 0.3459022687869945,
        "expected_total": 5.723374514138929,
        "over_prob": 0.3919426556425256,
        "under_prob": 0.6080573443574744,
        "home_cover_prob": 0.5612227047487561,
        "away_cover_prob": 0.43877729525124387,
        "total_line": 6.5,
        "spread_line": -1.5,
        "n_games": 50,
        "avg_similarity": 0.7351846626951951,
        "confidence": 0.46108164730003626,
        "raw_confidence": 0.4214714113636997,
        "raw_home_win_prob": 0.5851985513956525,
        "raw_over_prob": 0.3496255720047221,
        "goal_distribution": {
          "1": 0.04,
          "2": 0.02,
          "3": 0.18,
          "4": 0.08,
          "5": 0.18,
          "6": 0.12,
          "7": 0.16,
          "8": 0.14,
          "9": 0.04,
          "11": 0.04
        }
      },
      "market_probs": {
        "home_win_prob": 0.5646951522724365,
        "away_win_prob": 0.4353048477275635,
        "over_prob": 0.49749126345656136,
        "under_prob": 0.5025087365434386,
        "spread_home_cover_prob": 0.35103350118276977,
        "total_line": 6.5,
        "spread_line": -1.5,
        "n_books_ml": 15,
        "n_books_total": 15,
        "n_books_spread": 15
      },
      "blended_probs": {
        "home_win_prob": 0.5793371582993678,
        "away_win_prob": 0.4206628417006322,
        "over_prob": 0.4552652534305268,
        "under_prob": 0.5447347465694732,
        "home_cover_prob": 0.3952275173201392,
        "away_cover_prob": 0.4206628417006322,
        "expected_total": 5.723374514138929,
        "model_confidence": 0.46108164730003626,
        "effective_model_weight": 0.3395149655390894
      },
      "n_similar": 50,
      "n_bets": 0,
      "context_indicators": {
        "fatigue": [],
        "goalie": [],
        "injuries": [],
        "splits": [],
        "advanced": []
      },
      "goalie_matchup": {
        "home": null,
        "away": null
      },
      "team_splits": {
        "home": {
          "games": 10,
          "wins": 6,
          "losses": 4,
          "ot_losses": 0,
          "win_pct": 0.6,
          "goals_for": 26,
          "goals_against": 23,
          "gf_pg": 2.6,
          "ga_pg": 2.3,
          "goal_diff": 0.3
        },
        "away": {
          "games": 10,
          "wins": 6,
          "losses": 3,
          "ot_losses": 1,
          "win_pct": 0.6,
          "goals_for": 37,
          "goals_against": 30,
          "gf_pg": 3.7,
          "ga_pg": 3.0,
          "goal_diff": 0.7
        }
      },
      "injuries": {
        "home": {
          "impact_score": 0,
          "key_injuries": [],
          "total_injuries": 0,
          "positions_affected": {},
          "injury_details": []
        },
        "away": {
          "impact_score": 0,
          "key_injuries": [],
          "total_injuries": 0,
          "positions_affected": {},
          "injury_details": []
        }
      },
      "advanced_stats": {
        "home": {
          "xGF_per_60": 3.2786585365853655,
          "xGA_per_60": 2.9658536585365853,
          "xGF_pct": 52.50463821892393,
          "corsi_pct": 52.50463821892394,
          "fenwick_pct": 52.50463821892394,
          "shooting_pct": 33.33333333333333,
          "save_pct": 0.6666666666666667,
          "pdo": 100.0
        },
        "away": {
          "xGF_per_60": 3.336585365853658,
          "xGA_per_60": 2.7920731707317072,
          "xGF_pct": 54.44234404536862,
          "corsi_pct": 54.44234404536862,
          "fenwick_pct": 54.44234404536862,
          "shooting_pct": 33.33333333333333,
          "save_pct": 0.6666666666666667,
          "pdo": 100.0
        }
      }
    },
    {
      "game": "ANA @ VGK",
      "home": "VGK",
      "away": "ANA",
      "model_probs": {
        "home_win_prob": 0.626088509086494,
        "away_win_prob": 0.37391149091350584,
        "expected_total": 5.349431560205857,
        "over_prob": 0.45260673691259695,
        "under_prob": 0.547393263087403,
        "home_cover_prob": 0.6051944668547551,
        "away_cover_prob": 0.3948055331452449,
        "total_line": 6.5,
        "spread_line": -1.5,
        "n_games": 50,
        "avg_similarity": 0.7377847403979756,
        "confidence": 0.5549695556373048,
        "raw_confidence": 0.5856111112540293,
        "raw_home_win_prob": 0.6341347938034885,
        "raw_over_prob": 0.4395682514301755,
        "goal_distribution": {
          "1": 0.02,
          "2": 0.02,
          "3": 0.16,
          "4": 0.1,
          "5": 0.1,
          "6": 0.08,
          "7": 0.22,
          "8": 0.14,
          "9": 0.14,
          "12": 0.02
        }
      },
      "market_probs": {
        "home_win_prob": 0.5926918460322934,
        "away_win_prob": 0.4073081539677066,
        "over_prob": 0.49849278654540563,
        "under_prob": 0.5015072134545944,
        "spread_home_cover_prob": 0.3797109316091149,
        "total_line": 6.5,
        "spread_line": -1.5,
        "n_books_ml": 15,
        "n_books_total": 15,
        "n_books_spread": 15
      },
      "blended_probs": {
        "home_win_prob": 0.5862508137359502,
        "away_win_prob": 0.4137491862640498,
        "over_prob": 0.47830126794614625,
        "under_prob": 0.5216987320538538,
        "home_cover_prob": 0.4382307649531498,
        "away_cover_prob": 0.4137491862640498,
        "expected_total": 5.349431560205857,
        "model_confidence": 0.5549695556373048,
        "effective_model_weight": 0.37248139404448943
      },
      "n_similar": 50,
      "n_bets": 1,
      "context_indicators": {
        "fatigue": [],
        "goalie": [
          {
            "team": "ANA",
            "type": "cold",
            "value": 0.874,
            "severity": "negative"
          }
        ],
        "injuries": [],
        "splits": [],
        "advanced": []
      },
      "goalie_matchup": {
        "home": null,
        "away": {
          "name": "Lukas Dostal",
          "quality_score": 42.7,
          "recent_save_pct": 0.874,
          "recent_gaa": 3.29,
          "recent_quality_starts": 3
        }
      },
      "team_splits": {
        "home": {
          "games": 10,
          "wins": 7,
          "losses": 2,
          "ot_losses": 1,
          "win_pct": 0.7,
          "goals_for": 39,
          "goals_against": 26,
          "gf_pg": 3.9,
          "ga_pg": 2.6,
          "goal_diff": 1.3
        },
        "away": {
          "games": 10,
          "wins": 4,
          "losses": 4,
          "ot_losses": 2,
          "win_pct": 0.4,
          "goals_for": 29,
          "goals_against": 33,
          "gf_pg": 2.9,
          "ga_pg": 3.3,
          "goal_diff": -0.4
        }
      },
      "injuries": {
        "home": {
          "impact_score": 0,
          "key_injuries": [],
          "total_injuries": 0,
          "positions_affected": {},
          "injury_details": []
        },
        "away": {
          "impact_score": 0,
          "key_injuries": [],
          "total_injuries": 0,
          "positions_affected": {},
          "injury_details": []
        }
      },
      "advanced_stats": {
        "home": {
          "xGF_per_60": 3.0701219512195124,
          "xGA_per_60": 2.8963414634146343,
          "xGF_pct": 51.45631067961165,
          "corsi_pct": 51.45631067961165,
          "fenwick_pct": 51.45631067961165,
          "shooting_pct": 33.33333333333333,
          "save_pct": 0.6666666666666667,
          "pdo": 100.0
        },
        "away": {
          "xGF_per_60": 3.16280487804878,
          "xGA_per_60": 3.336585365853658,
          "xGF_pct": 48.663101604278076,
          "corsi_pct": 48.663101604278076,