{
  "timestamp": "2026-05-13T14:59:08.767181-04:00",
  "stake": 0.5,
  "days_back": 90,
  "min_edge": 0.04,
  "n_historical_games": 494,
  "games_analyzed": [
    {
      "game": "MIN @ COL",
      "home": "COL",
      "away": "MIN",
      "model_probs": {
        "home_win_prob": 0.7018691116980593,
        "away_win_prob": 0.2981308883019407,
        "expected_total": 6.497110229125129,
        "over_prob": 0.42436736261180075,
        "under_prob": 0.5756326373881993,
        "home_cover_prob": 0.5843131279356741,
        "away_cover_prob": 0.41568687206432586,
        "total_line": 6.5,
        "spread_line": -1.5,
        "n_games": 50,
        "avg_similarity": 0.72108793943453,
        "confidence": 0.5637170019657283,
        "raw_confidence": 0.600903849590434,
        "raw_home_win_prob": 0.6066766583216467,
        "raw_over_prob": 0.4043062781067555,
        "goal_distribution": {
          "1": 0.02,
          "2": 0.02,
          "3": 0.14,
          "4": 0.08,
          "5": 0.18,
          "6": 0.14,
          "7": 0.22,
          "8": 0.06,
          "9": 0.06,
          "10": 0.02,
          "11": 0.04,
          "15": 0.02
        }
      },
      "market_probs": {
        "home_win_prob": 0.6654814003854518,
        "away_win_prob": 0.3345185996145483,
        "over_prob": 0.4901190318026193,
        "under_prob": 0.5098809681973807,
        "spread_home_cover_prob": 0.4534309185420426,
        "total_line": 6.5,
        "spread_line": -1.5,
        "n_books_ml": 15,
        "n_books_total": 15,
        "n_books_spread": 15
      },
      "blended_probs": {
        "home_win_prob": 0.6469793832953026,
        "away_win_prob": 0.3530206167046974,
        "over_prob": 0.4596747464582816,
        "under_prob": 0.5403252535417185,
        "home_cover_prob": 0.4915277064716679,
        "away_cover_prob": 0.3530206167046974,
        "expected_total": 6.497110229125129,
        "model_confidence": 0.5637170019657283,
        "effective_model_weight": 0.375405448137653
      },
      "n_similar": 50,
      "n_bets": 0,
      "context_indicators": {
        "fatigue": [],
        "goalie": [
          {
            "team": "COL",
            "type": "hot",
            "value": 0.942,
            "severity": "positive"
          }
        ],
        "injuries": [],
        "splits": [],
        "advanced": []
      },
      "goalie_matchup": {
        "home": {
          "name": "Scott Wedgewood",
          "quality_score": 68.2,
          "recent_save_pct": 0.942,
          "recent_gaa": 1.37,
          "recent_quality_starts": 8
        },
        "away": null
      },
      "team_splits": {
        "home": {
          "games": 10,
          "wins": 7,
          "losses": 3,
          "ot_losses": 0,
          "win_pct": 0.7,
          "goals_for": 42,
          "goals_against": 27,
          "gf_pg": 4.2,
          "ga_pg": 2.7,
          "goal_diff": 1.5
        },
        "away": {
          "games": 10,
          "wins": 4,
          "losses": 5,
          "ot_losses": 1,
          "win_pct": 0.4,
          "goals_for": 37,
          "goals_against": 39,
          "gf_pg": 3.7,
          "ga_pg": 3.9,
          "goal_diff": -0.2
        }
      },
      "injuries": {
        "home": {
          "impact_score": 0,
          "key_injuries": [],
          "total_injuries": 0,
          "positions_affected": {},
          "injury_details": []
        },
        "away": {
          "impact_score": 0,
          "key_injuries": [],
          "total_injuries": 0,
          "positions_affected": {},
          "injury_details": []
        }
      },
      "advanced_stats": {
        "home": {
          "xGF_per_60": 3.498780487804878,
          "xGA_per_60": 2.3518292682926827,
          "xGF_pct": 59.8019801980198,
          "corsi_pct": 59.8019801980198,
          "fenwick_pct": 59.8019801980198,
          "shooting_pct": 33.33333333333333,
          "save_pct": 0.6666666666666667,
          "pdo": 100.0
        },
        "away": {
          "xGF_per_60": 3.1512195121951216,
          "xGA_per_60": 2.7804878048780486,
          "xGF_pct": 53.125,
          "corsi_pct": 53.125,
          "fenwick_pct": 53.125,
          "shooting_pct": 33.33333333333333,
          "save_pct": 0.6666666666666667,
          "pdo": 100.0
        }
      }
    }
  ],
  "recommendations": [],
  "parlays": [],
  "quota_info": {
    "total_keys": 3,
    "total_remaining": 1350,
    "total_used": 150,
    "keys": [
      {
        "index": 0,
        "used": 150,
        "remaining": 350,
        "last_updated": "2026-05-13T18:59:08.528802"
      },
      {
        "index": 1,
        "used": 0,
        "remaining": 500,
        "last_updated": "Never"
      },
      {
        "index": 2,
        "used": 0,
        "remaining": 500,
        "last_updated": "Never"
      }
    ]
  }
}